File,Model name,MAE,RMSE,R²,Train Score,Test Score
APARTMENT_without_outliers.csv,RandomForest Regression,38726.30408133893,196.78999995258633,0.7479541636554193,0.9213142838904645,0.7479541636554193
APARTMENT_without_outliers.csv,XGB Regression,31681.849586456974,177.99395941002317,0.8162934008201737,0.9864656033786114,0.8162934008201737
APARTMENT_without_outliers.csv,Hist Gradient Boosting Regression,34233.04890256481,185.02175251187307,0.7970217986127579,0.9134307420136423,0.7970217986127579
Houses_and_Apartments_combined_without_outliers.csv,RandomForest Regression,47914.01808588189,218.8927090742903,0.7695266303353594,0.9218006999729251,0.7695266303353594
Houses_and_Apartments_combined_without_outliers.csv,XGB Regression,41086.616465336134,202.69833858553486,0.8175043315668902,0.9806300541533851,0.8175043315668902
Houses_and_Apartments_combined_without_outliers.csv,Hist Gradient Boosting Regression,45718.837130897155,213.81963691601658,0.7961723576498062,0.8743465301415319,0.7961723576498062
HOUSE_without_outliers.csv,RandomForest Regression,58692.48810888595,242.26532584933807,0.7668124296535288,0.921025638596755,0.7668124296535288
HOUSE_without_outliers.csv,XGB Regression,50102.965514823714,223.8369172295395,0.8162252133046488,0.9936520105872754,0.8162252133046488
HOUSE_without_outliers.csv,Hist Gradient Boosting Regression,53392.92322713876,231.0690875628732,0.8017626352400229,0.9124195002989071,0.8017626352400229
